{
	"RNGModifier_menu_title" : "RNG Modifier",
	"RNGModifier_menu_desc" : "Boom!!",
	"RNGModifier_menu_Heist_title" : "Heist",
	"RNGModifier_menu_All_title" : "All",
	"RNGModifier_empty_desc" : "   ",
	"RNGModifier_number_4_use_1" : "1",
	"RNGModifier_number_4_use_2" : "2",
	"RNGModifier_number_4_use_3" : "3",
	"RNGModifier_number_4_use_4" : "4",
	"RNGModifier_number_4_use_5" : "5",
	"RNGModifier_number_4_use_6" : "6",
	"RNGModifier_number_4_use_7" : "7",
	"RNGModifier_number_4_use_8" : "8",
	"RNGModifier_number_4_use_9" : "9",
	"RNGModifier_number_4_use_10" : "10",
	"RNGModifier_number_4_use_11" : "11",
	"RNGModifier_number_4_use_12" : "12",
	"RNGModifier_number_4_use_13" : "13",
	"RNGModifier_number_4_use_14" : "14",
	"RNGModifier_number_4_use_15" : "15",
	"RNGModifier_number_4_use_16" : "16",
	"RNGModifier_number_4_use_17" : "17",
	"RNGModifier_number_4_use_18" : "18",
	"RNGModifier_number_4_use_19" : "19",
	"RNGModifier_number_4_use_20" : "20",
	"RNGModifier_number_4_use_21" : "21",
	"RNGModifier_number_4_use_22" : "22",
	"RNGModifier_number_4_use_23" : "23",
	"RNGModifier_number_4_use_24" : "24",
	"RNGModifier_number_4_use_25" : "25",
	"RNGModifier_number_4_use_26" : "26",
	"RNGModifier_number_4_use_27" : "27",
	"RNGModifier_number_4_use_28" : "28",
	"RNGModifier_number_4_use_29" : "29",
	"RNGModifier_number_4_use_30" : "30",
	"RNGModifier_number_4_use_31" : "31",
	"RNGModifier_number_4_use_32" : "32",
	"RNGModifier_number_4_use_33" : "33",
	"RNGModifier_number_4_use_34" : "34",
	"RNGModifier_number_4_use_35" : "35",

	"RNGModifier_global_enable": "Enable RNG Modifier",
	"RNGModifier_global_enable_desc": " Turn on/off RNG mod ",
	
	"RNG_TEST_NAME": "NAME TEST",
	"RNG_TEST_DESC": "DESC TEST",
	
	"RNGModifier_bool_4_true" : "True",
	"RNGModifier_bool_4_false" : "False",
	
	"RNGModifier_switch_4_UP" : "UP",
	"RNGModifier_switch_4_DOWN" : "DOWN",
	
	"RNGModifier_Default_One_Item" : "Default",
	
	"RNGModifier_branchbank_randVaultDoor_title" : "Vault Door",
	"RNGModifier_branchbank_randVaultDoor_desc" : "Which side?",
	"RNGModifier_branchbank_randVaultDoor_front" : "Front",
	"RNGModifier_branchbank_randVaultDoor_back" : "Back",
	"RNGModifier_branchbank_logic_random_026_title" : "Security Room",
	"RNGModifier_branchbank_logic_random_026_desc" : "Which side?",
	"RNGModifier_branchbank_logic_random_026_front" : "Front",
	"RNGModifier_branchbank_logic_random_026_back" : "Back",
	"RNGModifier_branchbank_logic_random_024_title" : "Escape Point",
	"RNGModifier_branchbank_logic_random_024_farfront" : "Far Front",
	"RNGModifier_branchbank_logic_random_024_front" : "Front",
	"RNGModifier_branchbank_logic_random_024_back" : "Back",
	"RNGModifier_branchbank_hideOfficeCard_title" : "Hide Office Keycard",
	"RNGModifier_branchbank_hideOfficeCard_desc" : "Hide the keycard where on office table",
	
	"RNGModifier_roberts_logic_chance_011_title" : "Vault Already Opened?!",
	"RNGModifier_roberts_logic_chance_012_title" : "There is a Truck",
	"RNGModifier_roberts_blackmailer_title" : "Blackmailer",
	"RNGModifier_roberts_bain_lie_title" : "Bain's lie is success",
	
	"RNGModifier_arm_rand_truck_amount_title" : "How many trucks?",
	
	"RNGModifier_cage_pick1_correct_computer_title" : "Correct Computer",
	"RNGModifier_cage_pick1_correct_computer_desc" : "Which Computer is right one? 16 is best",
	"RNGModifier_cage_choose_storage_title" : "Storage Room",
	"RNGModifier_cage_choose_storage_top" : "Top",
	"RNGModifier_cage_choose_storage_bottom" : "Bottom",
	
	"RNGModifier_welcome_to_the_jungle_1_chanceOfTrade10_title" : " Coke deal ",
	"RNGModifier_welcome_to_the_jungle_1_table_1_title" : " 1st Floor table ",
	"RNGModifier_welcome_to_the_jungle_1_table_2_title" : " 2nd Floor table ",
	"RNGModifier_welcome_to_the_jungle_1_table_3_title" : " Balcony table ",
	"RNGModifier_welcome_to_the_jungle_1_table_1_001" : " Shutter code ",
	"RNGModifier_welcome_to_the_jungle_1_table_1_002" : " Plane key " ,
	"RNGModifier_welcome_to_the_jungle_1_table_1_003" : " Keycard ",
	"RNGModifier_welcome_to_the_jungle_1_table_1_004" : " Blueprint ",
	"RNGModifier_welcome_to_the_jungle_1_table_1_005" : " Guard intel ",
	"RNGModifier_welcome_to_the_jungle_1_table_1_006" : " Scientist intel ",
	"RNGModifier_welcome_to_the_jungle_1_table_2_001" : " Blueprint ",
	"RNGModifier_welcome_to_the_jungle_1_table_2_002" : " Shutter code " ,
	"RNGModifier_welcome_to_the_jungle_1_table_2_003" : " Plane key ",
	"RNGModifier_welcome_to_the_jungle_1_table_2_004" : " Keycard ",
	"RNGModifier_welcome_to_the_jungle_1_table_2_005" : " Guard intel ",
	"RNGModifier_welcome_to_the_jungle_1_table_2_006" : " Scientist intel ",
	"RNGModifier_welcome_to_the_jungle_1_table_3_001" : " Blueprint ",
	"RNGModifier_welcome_to_the_jungle_1_table_3_002" : " Shutter code " ,
	"RNGModifier_welcome_to_the_jungle_1_table_3_003" : " Plane key ",
	"RNGModifier_welcome_to_the_jungle_1_table_3_004" : " Keycard ",
	"RNGModifier_welcome_to_the_jungle_1_table_3_005" : " Guard intel ",
	"RNGModifier_welcome_to_the_jungle_1_table_3_006" : " Scientist intel ",
	"RNGModifier_welcome_to_the_jungle_1_safe1_title" : " Safe Garage ",
	"RNGModifier_welcome_to_the_jungle_1_safe1_1": " Best one ",
	"RNGModifier_welcome_to_the_jungle_1_safe2_title": " Safes 1st Floor ",
	"RNGModifier_welcome_to_the_jungle_1_safe2_1": " Next to table ",
	"RNGModifier_welcome_to_the_jungle_1_safe2_2": " Small room ",
	"RNGModifier_welcome_to_the_jungle_1_safe3_title": " Safe 2nd floor ",
	"RNGModifier_welcome_to_the_jungle_1_safe3_1": " Best one ",
	
	"RNGModifier_welcome_to_the_jungle_2_server_title": " Server location ",
	"RNGModifier_welcome_to_the_jungle_2_server_001": " Next to bedroom ",
	"RNGModifier_welcome_to_the_jungle_2_server_002": " At the front ",
	"RNGModifier_welcome_to_the_jungle_2_server_003": " First floor ",
	"RNGModifier_welcome_to_the_jungle_2_plane_title": " Plane location ",
	"RNGModifier_welcome_to_the_jungle_2_flare_title": " Flair location ",
	"RNGModifier_welcome_to_the_jungle_2_flare_001": " In the wood ",
	"RNGModifier_welcome_to_the_jungle_2_flare_002": " At the pool ",
	"RNGModifier_welcome_to_the_jungle_2_engine_title": "Engine",
	"RNGModifier_welcome_to_the_jungle_2_prein_title": "Time for heli to come",
	"RNGModifier_welcome_to_the_jungle_2_prein_1": " 30s ",
	
	"RNGModifier_jolly_spawn_title":" Spawn ",
	"RNGModifier_jolly_spawn_001": " Next to Fire truck on the bridge ",
	"RNGModifier_jolly_spawn_002": " Below the bridge next to graffiti ",
	"RNGModifier_jolly_spawn_003": " Next to the Ambulance on the bridge ",
	"RNGModifier_jolly_spawn_004": " Far side next to Fire truck below bridge ",
	"RNGModifier_jolly_spawn_005": " Next to hobo tent below the bridge ",
	"RNGModifier_jolly_lower_van_spawn_title": " Vans spawn below bridge ",
	"RNGModifier_jolly_upper_van_spawn_title": " Vans spawn on bridge ",
	"RNGModifier_jolly_c4_title": " C4 location ",
	"RNGModifier_jolly_c4_1": " Below bridge next to swat van ",
	"RNGModifier_jolly_c4_2": " Next to traincart ",
	"RNGModifier_jolly_c4_3": " On bridge next to Ambulance ",
	"RNGModifier_jolly_c4_4": " Next to Far side spawn ",
	"RNGModifier_jolly_c4_5": " Next to Fire truck spawn on the bridge ",
	
	"RNGModifier_four_stores_escape_title": " Escape ",
	"RNGModifier_four_stores_escape_1": " Time out coffee company ",
	"RNGModifier_four_stores_escape_2": " Next to 24/7 store ",
	"RNGModifier_four_stores_time_title": " Escape time ",
	"RNGModifier_four_stores_time_1": " 2 minutes 40 seconds ",
	"RNGModifier_four_stores_time_2": " 3 minutes ",
	"RNGModifier_four_stores_time_3": " 3 minutes 20 seconds ",
	

	"RNGModifier_big_chance_to_work_title" : "First Try",
	"RNGModifier_big_chance_to_work_desc" : "The server itself being the correct PC",
	"RNGModifier_big_logic_random_024_title" : "Security Room",
	"RNGModifier_big_logic_random_024_1" : "Other",
	"RNGModifier_big_logic_random_024_2" : "Roof Access",
	"RNGModifier_big_logic_random_024_3" : "Up",
	"RNGModifier_big_rand_vault_door_title" : "Vault",
	"RNGModifier_big_rand_vault_door_1" : "Bus Crash , Up",
	"RNGModifier_big_rand_vault_door_2" : "Bus Crash , Down",
	"RNGModifier_big_rand_vault_door_3" : "Zip-line , Down",
	"RNGModifier_big_rand_vault_door_4" : "Zip-line , Up",
	"RNGModifier_big_pick_rand_floor_title" : "Timelock Door",
	"RNGModifier_big_pick_rand_floor_1" : "Up",
	"RNGModifier_big_pick_rand_floor_2" : "Down",
	"RNGModifier_big_rand_room_title" : "Camera Room",
	"RNGModifier_big_rand_room_1" : "Zip-line , Down",
	"RNGModifier_big_rand_room_2" : "Zip-line , Up",
	"RNGModifier_big_rand_room_3" : "Near Bus Crash",
	
	"RNGModifier_framing_frame_3_chooseServerRoom_title" : "Server Room",
	"RNGModifier_framing_frame_3_chooseServerRoom_001" : "Office",
	"RNGModifier_framing_frame_3_chooseServerRoom_002" : "Close to the kitchen",
	"RNGModifier_framing_frame_3_chooseServerRoom_003" : "Other one",	
	"RNGModifier_framing_frame_3_spawnRandomVault_title" : "Vault",
	"RNGModifier_framing_frame_3_spawnRandomVault_001" : "Underground",
	"RNGModifier_framing_frame_3_spawnRandomVault_002" : "Bedroom",
	"RNGModifier_framing_frame_3_spawnRandomVault_003" : "Other one",
	"RNGModifier_framing_frame_3_spawnRandomHarrdDrive_A_title" : "Hard Drive 01",
	"RNGModifier_framing_frame_3_spawnRandomHarrdDrive_B_title" : "Hard Drive 02",
	"RNGModifier_framing_frame_3_spawnRandomHarrdDrive_desc" : "Both hard drive can not be the same",
	"RNGModifier_framing_frame_3_SpawnRandomPhone_title" : "Phone",
	"RNGModifier_framing_frame_3_spawnRandomPads_title" : "Pads",
	"RNGModifier_framing_frame_3_spawnRandomLaptop_title" : "Laptop",

	"RNGModifier_election_day_1_truck_title" : " Truck ",
	"RNGModifier_election_day_1_gate_title" : " Gate ",
	"RNGModifier_election_day_1_chance_of_container_title" : " Container ",
	"RNGModifier_election_day_1_chance_of_container_1" : " Remove block ",

	"RNGModifier_election_day_2_door_title" : " Open door ",
	"RNGModifier_election_day_2_crowbar_title" : " Crowbar ",
	"RNGModifier_election_day_2_keycard_title" : " Keycard ",
	"RNGModifier_election_day_2_enable_crate_title" : " Enable crate A B ",
	"RNGModifier_election_day_2_enable_crate_1" : " On ",
	"RNGModifier_election_day_2_enable_crate2_title" : " Enable crate C D ",
	"RNGModifier_election_day_2_enable_crate2_1" : " On ",
	"RNGModifier_election_day_2_create_crate_A_title" : " Create crate A B ",
	"RNGModifier_election_day_2_create_crate_A_1" : " On ",
	"RNGModifier_election_day_2_create_crateC_title" : " Create crate C D ",
	"RNGModifier_election_day_2_create_crateC_1" : " On ",
	"RNGModifier_election_day_2_chance_of_jackpot_title": " Chance to get E F ",
	"RNGModifier_election_day_2_chance_of_jackpot_1" : " ON ",
	"RNGModifier_election_day_2_jackpot_title" : " Create crate E F",
	"RNGModifier_election_day_2_jackpot_desc" : "  Set chance 100% to work ",
	"RNGModifier_election_day_2_spawncrate_A_title" : " Voting machine A ",
	"RNGModifier_election_day_2_spawncrate_A_1" : " Right wing ON ",
	"RNGModifier_election_day_2_spawncrate_B_title" : " Voting machine B ",
	"RNGModifier_election_day_2_spawncrate_B_1" : " Right wing ON ",
	"RNGModifier_election_day_2_spawncrate_C_title" : " Voting machine C ",
	"RNGModifier_election_day_2_spawncrate_C_1" : " Right wing ON ",
	"RNGModifier_election_day_2_spawncrate_D_title" : " Voting machine D ",
	"RNGModifier_election_day_2_spawncrate_D_1" : " Right wing ON ",
	"RNGModifier_election_day_2_spawncrate_E_title" : " Voting machine E ",
	"RNGModifier_election_day_2_spawncrate_E_1" : " Right wing ON ",
	"RNGModifier_election_day_2_spawncrate_F_title" : " Voting machine F ",
	"RNGModifier_election_day_2_spawncrate_F_1" : " Right wing ON ",
	
	"RNGModifier_friend_rightcoke_desc" : " Need to turn coke mic on to work  ",
	"RNGModifier_friend_pick_rand_escape_vehicle_title" : "Escape Plan",
	"RNGModifier_friend_pick_rand_escape_vehicle_001" : "Boat",
	"RNGModifier_friend_pick_rand_escape_vehicle_002" : "Van, Break the wall",
	"RNGModifier_friend_pick_rand_escape_vehicle_003" : "Van, Other one",
	"RNGModifier_friend_random_phone_location_title" : " Phone ",
	"RNGModifier_friend_random_phone_location_001" : " 1 ",
	"RNGModifier_friend_random_phone_location_002" : " 2 ",
	"RNGModifier_friend_random_phone_location_003" : " 3 ",
	"RNGModifier_friend_random_phone_location_004" : " 4 ",
	"RNGModifier_friend_random_phone_location_005" : " 5 ",
	"RNGModifier_friend_laptop_location_title" : " Laptop ",
	"RNGModifier_friend_laptop_location_001" : " 1 ",
	"RNGModifier_friend_laptop_location_002" : " 2 ",
	"RNGModifier_friend_coke_mic_title" : " Coke  mic ",
	"RNGModifier_friend_coke_mic_001" : " ON ",
	"RNGModifier_friend_coke_title" : " Coke ",
	"RNGModifier_friend_coke_001" : " 1 ",
	"RNGModifier_friend_coke_002" : " 2 ",
	"RNGModifier_friend_coke_003" : " 3 ",
	"RNGModifier_friend_coke_004" : " 4 ",
	"RNGModifier_friend_coke_005" : " 5 ",
	"RNGModifier_friend_coke_006" : " 6 ",
	"RNGModifier_friend_coke_007" : " 7 ",
	"RNGModifier_friend_coke_008" : " 8 ",
	"RNGModifier_friend_coke_009" : " 9 ",
	"RNGModifier_friend_coke_0010" : " 10 ",
	"RNGModifier_friend_coke_0011" : " 11 ",
	"RNGModifier_friend_coke_0012" : " 12 ",
	"RNGModifier_friend_coke_0013" : " 13 ",
	"RNGModifier_friend_coke_0014" : " 14 ",
	"RNGModifier_friend_coke_0015" : " 15 ",
	"RNGModifier_friend_coke_0016" : " 16 ",
	"RNGModifier_friend_coke_0017" : " 17 ",
	"RNGModifier_friend_coke_0018" : " 18 ",
	"RNGModifier_friend_coke_0019" : " 19 ",
	"RNGModifier_friend_coke_0020" : " 20 ",
	"RNGModifier_friend_usb_boss_title" : " Usb Boss ",
	"RNGModifier_friend_usb_boss_001" : " 1 ",
	"RNGModifier_friend_usb_boss_002" : " 2 ",
	"RNGModifier_friend_usb_boss_003" : " 3 ",

	"RNGModifier_crojob2_radio_title": " Radio ", 
	"RNGModifier_crojob2_computer_side_title": " computer side" ,
	"RNGModifier_crojob2_computer_side_1": " Left " ,
	"RNGModifier_crojob2_computer_side_2": " Right " ,
	"RNGModifier_crojob2_keycard1_title": " Keycard 1 ",
	"RNGModifier_crojob2_keycard2_title": " Keycard 2 ",
	"RNGModifier_crojob2_keycard3_title": " Keycard 3 ",
	"RNGModifier_crojob2_captain_number_title": " The Frequency ",
	"RNGModifier_crojob2_spawn_title": " Spawn " ,
	"RNGModifier_crojob2_spawn_1": " Center " ,
	"RNGModifier_crojob2_spawn_2": " Right " ,
	"RNGModifier_crojob2_spawn_3": " Left " ,
	"RNGModifier_crojob2_bomb_location_title": " Bomb ",
	"RNGModifier_crojob2_activate_bomb_title": " Activate bomb location ",
	"RNGModifier_crojob2_activate_bomb_1" : " ON ",
	
	"RNGModifier_crojob3_spawn_vault_title" : "Vault",
	
	"RNGModifier_watchdogs_1_chooseLootVehicle_title" : "Loot drop off Point",
	"RNGModifier_watchdogs_1_chooseLootVehicle_001" : "Right Front",
	"RNGModifier_watchdogs_1_chooseLootVehicle_002" : "Right Back",
	"RNGModifier_watchdogs_1_chooseLootVehicle_003" : "Left Front",
	"RNGModifier_watchdogs_1_chooseLootVehicle_004" : "Left Back",
	"RNGModifier_watchdogs_1_chooseRandomChopper_title" : "Escape Point",
	"RNGModifier_watchdogs_1_chooseRandomChopper_001" : "Right",
	"RNGModifier_watchdogs_1_chooseRandomChopper_002" : "Left",
	
	"RNGModifier_shoutout_raid_containerA_title": " Correct container A ",
	"RNGModifier_shoutout_raid_containerB_title": " Correct container B ",
	"RNGModifier_shoutout_raid_container_desc": "Need to choose both because Ovk RNG",
	"RNGModifier_shoutout_raid_crowbar_A_title": " Crowbar A ",
	"RNGModifier_shoutout_raid_crowbar_B_title": " Crowbar B ",
	"RNGModifier_shoutout_raid_cage_title": " Crowbar in cage ",
	"RNGModifier_shoutout_raid_escape_title": " Escape train ",
	"RNGModifier_shoutout_raid_shout_container_vault_title": "Vault",
	"RNGModifier_shoutout_raid_70_chance_title": "Choose where the vault spawn",
	"RNGModifier_shoutout_raid_70_chance_1": " Inside ",
	"RNGModifier_shoutout_raid_70_chance_2": " Outside ",
	
	"RNGModifier_hox_2_select_excursion_title_A" : "Excursion 01",
	"RNGModifier_hox_2_select_excursion_title_B" : "Excursion 02",
	"RNGModifier_hox_2_select_excursion_title_C" : "Excursion 03",
	"RNGModifier_hox_2_select_excursion_title_desc" : "All excursion can not be the same",
	"RNGModifier_hox_2_select_excursion_001" : "Download keys",
	"RNGModifier_hox_2_select_excursion_002" : "Director of FBI",
	"RNGModifier_hox_2_select_excursion_003" : "Fetch some files",
	"RNGModifier_hox_2_select_excursion_004" : "IT of server",
	"RNGModifier_hox_2_select_excursion_005" : "DNA Evidence",
	"RNGModifier_hox_2_select_random_powerbox_title" : "Power Box",
	"RNGModifier_hox_2_select_random_powerboxuse_1" : "Front",
	"RNGModifier_hox_2_select_random_powerboxuse_2" : "Back",
	"RNGModifier_hox_2_select_random_powerboxuse_3" : "Hoxton",
	"RNGModifier_hox_2_select_random_powerboxuse_4" : "Middle",
	"RNGModifier_hox_2_select_random_powerboxuse_5" : "Copier",
	
	"RNGModifier_hox_1_logic_random_002_title" : "Escape Path",
	"RNGModifier_hox_1_logic_random_002_001" : "FL",
	"RNGModifier_hox_1_logic_random_002_002" : "F",
	"RNGModifier_hox_1_logic_random_002_003" : "LR",
	"RNGModifier_hox_1_logic_random_002_004" : "L",
	
	"RNGModifier_hox_1_logic_random_007_title" : "Server Room",
	
	"RNGModifier_mus_chamber_controller_title" : "Pressure Sensitive",
	"RNGModifier_mus_chamber_controller_001" : "Easy One",
	"RNGModifier_mus_box_at_exhibit_title" : " Box at exhibit ",
	"RNGModifier_mus_box_at_exhibit_001" : " Middle " ,
	"RNGModifier_mus_box_at_exhibit_002" : " Close " ,
	"RNGModifier_mus_box_at_exhibit_003" : " Far " ,
	"RNGModifier_mus_box_in_room_right_title" : " Box at right room ",
	"RNGModifier_mus_box_in_room_right_001" : " On ",
	"RNGModifier_mus_box_at_end_title" : " Box at the end ",
	"RNGModifier_mus_box_at_end_001" : " Right ",
	"RNGModifier_mus_box_at_end_002" : " Left ",
	"RNGModifier_mus_box_at_courtyard_title" : " Box at courtyard ",
	"RNGModifier_mus_box_at_courtyard_001" : " Right 1 ",
	"RNGModifier_mus_box_at_courtyard_002" : " Right 2 ",
	"RNGModifier_mus_box_at_courtyard_003" : " Left 1 ",
	"RNGModifier_mus_box_at_courtyard_004" : " Left 2 ",
	"RNGModifier_mus_security_title": " Security room ",
	"RNGModifier_mus_security_001": "Right hallway ",
	"RNGModifier_mus_security_002": "Left hallway ",
	"RNGModifier_mus_security_003": "Below Artifact room ",
	"RNGModifier_mus_security_004": "Near the front door ",
	"RNGModifier_mus_security_005": "Below staircase ",
	"RNGModifier_mus_security_006": "Front left hallway ",
	"RNGModifier_mus_spawnboxes_A_title": "Spawn boxes ",
	"RNGModifier_mus_spawnboxes_1": "ON",
	"RNGModifier_mus_spawnboxes_desc": "Turn this on for circuit boxes to spawn properly",

	"RNGModifier_cane_chimney_title": " Chimney ",
	"RNGModifier_cane_chimney_1": " Front ",
	"RNGModifier_cane_chimney_2": " Back ",
	"RNGModifier_cane_elf1_title": " Spawn elf right side ",
	"RNGModifier_cane_elf1_1": " 1f/2f back  ",
	"RNGModifier_cane_elf1_2": " 1f/2f front ",
	"RNGModifier_cane_elf1_3": " 1f front ",
	"RNGModifier_cane_elf1_4": " 1f middle 2f front ",
	"RNGModifier_cane_elf2_title": " Spawn elf left side ",
	"RNGModifier_cane_elf2_1": " 1f/2f front ",
	"RNGModifier_cane_elf2_2": " 1f/2f back ",
	"RNGModifier_cane_elf2_3": " 1f front ",
	"RNGModifier_cane_pick_title": " Pick side ",
	"RRNGModifier_cane_pick_desc": " Pick one ",
	"RNGModifier_cane_pick_1": " Right ",
	"RNGModifier_cane_pick_2": " Left ",
	
	"RNGModifier_roberts_rand_drop_location_title" : "Cage Bag Drop",
	
	"RNGModifier_rat_escape_position_title" : "Van",
	"RNGModifier_rat_random_flare_title" : "Flare",
	"RNGModifier_rat_chose_methlab_position_title" : "MethLab",

	"RNGModifier_arena_select_security_room_title" : "Security Room",
	"RNGModifier_arena_select_security_room_No_Lobby" : "Not spawn in Lobby",
	"RNGModifier_arena_are_pyro_booth_title": " Pyro tech ",
	"RNGModifier_arena_room_title": "First box(C4)",
	
	
	"RNGModifier_firestarter_1_ehangar_title" : "Hangar",
	"RNGModifier_firestarter_1_ehangar_desc" : "Below Mayhem difficulty",
	"RNGModifier_firestarter_1_hangar_1_title" : "Hangar 1",
	"RNGModifier_firestarter_1_hangar_2_title" : "Hangar 2",
	"RNGModifier_firestarter_1_gas_title" : "Gas pump",
	
	"RNGModifier_firestarter_2_randServerRoom_title" : "Server Room",
	
	"RNGModifier_arm_for_pick_rand_spawn_title" : "Start Spawn",
	"RNGModifier_arm_for_pick_rand_spawn_1" : "Boat",
	"RNGModifier_arm_for_pick_rand_spawn_2" : "Sawmill",
	"RNGModifier_arm_for_vault1_title": "Vault 1",
	"RNGModifier_arm_for_vault2_title": "Vault 2",
	"RNGModifier_arm_for_vault3_title": "Vault 3",
	"RNGModifier_arm_for_turret_title": "Spawn turret",
	"RNGModifier_arm_for_turret_desc": "From tunnel to contruction",
	
	"RNGModifier_all_of_all_forced_escape_day_title" : "Force Escape Day",
	"RNGModifier_all_of_all_forced_escape_day_desc" : "If it is available",
	"RNGModifier_all_of_all_chancechange_title" : "Force All 'Chance' to...",
	"RNGModifier_all_of_all_chancechange_1" : "0%",
	"RNGModifier_all_of_all_chancechange_2" : "1%",
	"RNGModifier_all_of_all_chancechange_3" : "25%",
	"RNGModifier_all_of_all_chancechange_4" : "50%",
	"RNGModifier_all_of_all_chancechange_5" : "75%",
	"RNGModifier_all_of_all_chancechange_6" : "100%",
	"RNGModifier_all_of_all_chancechange_7" : "99999999%",
	"RNGModifier_all_of_all_chancechange_8" : "-99999999%",
	"RNGModifier_all_of_all_randomchange_title" : "Force All 'Random' to...",
	"RNGModifier_all_of_all_randomchange_1" : "First",
	"RNGModifier_all_of_all_randomchange_2" : "Last",
	"RNGModifier_all_of_all_randomchange_3" : "Center",
	"RNGModifier_all_of_all_randomchange_4" : "1, 2, 3...",
	
	"RNGModifier_framing_frame_2_chanceForAAmbush_title" : "Force Ambush",
	
	"RNGModifier_alex_2_chance_of_fbi_interrupt_title" : "Ambush",

	"RNGModifier_pbr_entrance_title": "Entrance",
	"RNGModifier_pbr_tools_title": "Tools",
	"RNGModifier_pbr_bomb_crate_A_title": "Bomb A",
	"RNGModifier_pbr_bomb_crate_B_title": "Bomb B",
	"RNGModifier_pbr_gate1_title": "Gate 1",
	"RNGModifier_pbr_gate1_desc": " Use for entrance 1 ",
	"RNGModifier_pbr_gate2_title": "Gate 2",
	"RNGModifier_pbr_gate2_desc": " Use for entrance 2 ",
	"RNGModifier_pbr_gate3_title": "Gate 3",
	"RNGModifier_pbr_gate3_desc": " Use for entrance 3 ",
	"RNGModifier_pbr_control_room1_title": "Security room 1",
	"RNGModifier_pbr_control_room1_desc": "Use for entrance 3",
	"RNGModifier_pbr_control_room2_title": "Security room 2",
	"RNGModifier_pbr_control_room2_desc": "Use for entrance 2",
	"RNGModifier_pbr_control_room3_title": "Security room 3",
	"RNGModifier_pbr_control_room3_desc": "Use for entrance 1",
	"RNGModifier_pbr_server_title": "Vault-Weapon",
	"RNGModifier_pbr_artifact_title": "Vault-Painting",
	"RNGModifier_pbr_artifact_1": "Demeter",
	"RNGModifier_pbr_helipad_title": " Helipad ",
	"RNGModifier_pbr_helipad_1": "Roof",
	"RNGModifier_pbr_helipad_2": "Near entrance",
	"RNGModifier_pbr_helipad_3": "Edge",
	"RNGModifier_pbr_deny_title": "Console location",
	
	"RNGModifier_wwh_random_captain_location_title" : "Captain",
	"RNGModifier_wwh_random_captain_location_1" : "Near Train",
	"RNGModifier_wwh_random_captain_location_2" : "Other",
	"RNGModifier_wwh_random_captain_location_3" : "Face to Train",
	"RNGModifier_wwh_random_captain_location_4" : "Near Ship",
	"RNGModifier_wwh_random_tanker_location_title" : "Tanker",
	"RNGModifier_wwh_random_health_bag_title" : "Medic Bag",
	"RNGModifier_wwh_random_ammo_bag_title" : "Ammo Bag",
	"RNGModifier_wwh_random_grenade_crate_title" : "Grenade Crate",
	"RNGModifier_wwh_wwh_container_title" : "Container(WIP)",


	"RNGModifier_dah_randomize_spawn_title" : "Start Spawn",
	"RNGModifier_dah_randomize_spawn_1" : "1F",
	"RNGModifier_dah_randomize_spawn_2" : "2F",
	"RNGModifier_dah_randomize_spawn_3" : "2F (Other)",
	"RNGModifier_dah_red_diamond_success_title" : "Force Red Diamond",
	"RNGModifier_dah_red_diamond_success_desc" : "Require: Overkill or above",
	"RNGModifier_dah_rnd_Security_Rooms_title" : "Security Room",
	"RNGModifier_dah_rnd_Security_Rooms_1" : "Near 1F Start Spawn",
	"RNGModifier_dah_rnd_Security_Rooms_2" : "Other A",
	"RNGModifier_dah_rnd_Security_Rooms_3" : "Other B",
	"RNGModifier_dah_rnd_Security_Rooms_4" : "Other C",
	"RNGModifier_dah_rnd_Security_Rooms_5" : "Other D",
	"RNGModifier_dah_Randomize_Hackboxes_title" : "Hackboxes",
	"RNGModifier_dah_Randomize_Hackboxes_1" : "N2 F2 + W",
	"RNGModifier_dah_Randomize_Hackboxes_2" : "W2 F2 + W1 F2",
	"RNGModifier_dah_Randomize_Hackboxes_3" : "W2 F002 + W3 F2",
	"RNGModifier_dah_Randomize_Hackboxes_4" : "E3 F2 + W3 F002",
	"RNGModifier_dah_Randomize_Hackboxes_5" : "E + N E",
	"RNGModifier_dah_Randomize_Hackboxes_6" : "E2 F2 + N1 F2",
	"RNGModifier_dah_Randomize_Hackboxes_7" : "N + E3 F002",
	"RNGModifier_dah_Randomize_Hackboxes_8" : "N E001 + W001",
	"RNGModifier_dah_Randomize_Hackboxes_9" : "S E + N E002",
	
	"RNGModifier_glace_random_correct_bus_title" : "Correct Bus",
	"RNGModifier_glace_random_correct_bus_1" : "1L",
	"RNGModifier_glace_random_correct_bus_2" : "1R",
	"RNGModifier_glace_random_correct_bus_3" : "2",
	"RNGModifier_glace_random_correct_bus_4" : "3",
	"RNGModifier_glace_logic_chance_001_title": " Plane success ",
	"RNGModifier_glace_logic_chance_001_1": " ON ",
	
	
	"RNGModifier_chill_combat_rnd_money_pile_loaction_title" : "Money Location",
	"RNGModifier_chill_combat_rnd_money_pile_loaction_1" : "1F",
	"RNGModifier_chill_combat_rnd_money_pile_loaction_2" : "2F Near WC",
	"RNGModifier_chill_combat_rnd_money_pile_loaction_3" : "2F Middle",
	"RNGModifier_chill_combat_rnd_money_pile_loaction_4" : "2F Other",
	"RNGModifier_chill_combat_rnd_money_pile_loaction_5" : "1F Van",
	
	"RNGModifier_hvh_rnd_world_title" : "Random World",
	"RNGModifier_hvh_rnd_world_1" : "Snow",
	"RNGModifier_hvh_rnd_world_2" : "Green",
	"RNGModifier_hvh_rnd_world_3" : "[Unknown]",
	"RNGModifier_hvh_rnd_world_4" : "[Unknown]",
	
	"RNGModifier_rvd1_rnd_storage_unit_location_title" : "Storage Location",
	"RNGModifier_rvd1_rnd_storage_unit_location_1" : "Left",
	"RNGModifier_rvd1_rnd_storage_unit_location_2" : "Mid",
	"RNGModifier_rvd1_rnd_storage_unit_location_3" : "Back",
	"RNGModifier_rvd1_rnd_left_briefcase_pos_title" : "Correct Unit (left)",
	"RNGModifier_rvd1_rnd_left_briefcase_pos_1" : "Big Enter First",
	"RNGModifier_rvd1_rnd_left_briefcase_pos_2" : "Small Enter First",
	"RNGModifier_rvd1_rnd_left_briefcase_pos_3" : "Big Enter Second",
	"RNGModifier_rvd1_rnd_left_briefcase_pos_4" : "Small Enter Second",
	"RNGModifier_rvd1_rnd_mid_briefcase_pos_title" : "Correct Unit (Mid)",
	"RNGModifier_rvd1_rnd_mid_briefcase_pos_1" : "Enter First",
	"RNGModifier_rvd1_rnd_mid_briefcase_pos_2" : "2nd",
	"RNGModifier_rvd1_rnd_mid_briefcase_pos_3" : "3rd",
	"RNGModifier_rvd1_rnd_mid_briefcase_pos_4" : "4th",
	"RNGModifier_rvd1_rnd_back_briefcase_pos_title" : "Correct Unit (Back)",
	"RNGModifier_rvd1_rnd_back_briefcase_pos_1" : "Enter First",
	"RNGModifier_rvd1_rnd_back_briefcase_pos_2" : "2nd",
	"RNGModifier_rvd1_rnd_back_briefcase_pos_3" : "3rd",
	"RNGModifier_rvd1_rnd_back_briefcase_pos_4" : "4th",	
	"RNGModifier_rvd1_random_escape_position_title" : "Escape Position",
	"RNGModifier_rvd1_random_escape_position_1" : "Far Back",
	"RNGModifier_rvd1_random_escape_position_2" : "Street Side",
	"RNGModifier_rvd1_random_escape_position_3" : "Parking Lot",
	"RNGModifier_rvd1_car_crash_drive_in005_title" : "Pink palm tree",
	"RNGModifier_car_crash_desc": "Switch it off - play game - switch on - restart if not work  ",
	"RNGModifier_rvd1_cop_title" : "Cop create door",
	"RNGModifier_rvd1_cop_1" : "Side Door",
	"RNGModifier_rvd1_cop_2" : "Main Road",
	"RNGModifier_rvd1_saw_title" : "Saw location",
	"RNGModifier_rvd1_saw_1" : "Upstair",
	"RNGModifier_rvd1_saw_2" : "Near car",

	
	"RNGModifier_rvd2_hack_title" : "Hack location",
	"RNGModifier_rvd2_hack_1" : "BOX",
	"RNGModifier_rvd2_hack_2" : "COMPUTER",
	"RNGModifier_rvd2_vehicle_title" : "Blonde car",
	"RNGModifier_rvd2_vehicle_1" : "Near trash",
	"RNGModifier_rvd2_vehicle_2" : "Other",
	
	"RNGModifier_brb_Pick_Escape_title" : "Pick Escape",
	"RNGModifier_brb_Pick_Escape_1" : "Parking lot",
	"RNGModifier_brb_Pick_Escape_2" : "Sewer Escape",
	"RNGModifier_brb_pick_prevault_entry_title" : "Pick Prevault Entry",
	"RNGModifier_brb_pick_prevault_entry_1" : "Teller Doors",
	"RNGModifier_brb_pick_prevault_entry_2" : "Back Door",
	"RNGModifier_brb_pick_prevault_entry_3" : "Upper Office Floor",
	"RNGModifier_brb_pick_where_winch_spawns_title" : "Winch Spawns",
	"RNGModifier_brb_pick_where_winch_spawns_1" : "Train A",
	"RNGModifier_brb_pick_where_winch_spawns_2" : "Train B",
	"RNGModifier_brb_vault_door_equipment_title" : "Vault Door Equipment",	
	"RNGModifier_brb_is_2_train_title" : "2 Train?",

	"RNGModifier_family_rand_keypad_title" : "Keypad",
	"RNGModifier_family_rand_keypad_1" : "with people",
	"RNGModifier_family_rand_keypad_2" : "First after go into 2F",
	"RNGModifier_family_rand_keypad_3" : "Second",
	"RNGModifier_family_rand_keypad_4" : "Security Room",
	"RNGModifier_family_chance_of_door_title" : "Security Outside Door",
	
	"RNGModifier_firestarter_3_logic_random_026_title" : "Security Room",
	"RNGModifier_firestarter_3_logic_random_026_1" : "Front",
	"RNGModifier_firestarter_3_logic_random_026_2" : "Back",
	
	"RNGModifier_dark_pick_emp_train_1_title" : "pick_emp_train_1",
	"RNGModifier_dark_pick_emp_train_2_title" : "pick_emp_train_2",	
	"RNGModifier_dark_pick_murky_train_1_title" : "pick_murky_train_1",
	"RNGModifier_dark_pick_murky_train_2_title" : "pick_murky_train_2",
	"RNGModifier_dark_pick_exit_title" : "pick_exit",
	"RNGModifier_dark_pick_exit_1" : "Van",
	"RNGModifier_dark_pick_exit_2" : "Boat",	
	"RNGModifier_dark_pick_thermite_upper_title" : "thermite - upper",
	"RNGModifier_dark_pick_thermite_lower_title" : "thermite - lower",
	"RNGModifier_dark_pick_blowtorch_upper_title" : "blowtorch - upper",
	"RNGModifier_dark_pick_blowtorch_lower_title" : "blowtorch - lower",
	"RNGModifier_dark_pick_hd_upper_title" : "hd - upper",
	"RNGModifier_dark_pick_hd_lower_title" : "hd - lower",
	"RNGModifier_dark_pick_keycard_upper_title" : "keycard - upper",
	"RNGModifier_dark_pick_keycard_lower_title" : "keycard - lower",
	"RNGModifier_dark_thermite_upper_lower_title" : "thermite_up_low",
	"RNGModifier_dark_blowtorch_upper_lower_title" : "blowtorch_up_low",
	"RNGModifier_dark_hd_upper_lower_title" : "hd_up_low",
	"RNGModifier_dark_keycard_upper_lower_title" : "keycard_up_low",
	
	
	"RNGModifier_alex_3_logic_chance_operator_002_title" : "No C4",
	
	"RNGModifier_pal_boobytrap_chance_title" : "Booby trap C4",
	"RNGModifier_pal_spawn_title": " Spawn ",
	"RNGModifier_pal_spawn_1": " East ",
	"RNGModifier_pal_spawn_1": " South ",
	"RNGModifier_pal_spawn_1": " West ",
	"RNGModifier_pal_spawn_1": " North ",
	"RNGModifier_pal_crowbar_A_title": " Crowbar 1 ",
	"RNGModifier_pal_crowbar_B_title": " Crowbar 2 ",
	"RNGModifier_pal_crowbar_C_title": " Crowbar 3 ",
	"RNGModifier_pal_valve_title": " Valve cops turn off ? "
	"RNGModifier_pal_valve_1": " Next to pool ",
	"RNGModifier_pal_valve_2": " Next to boat ",
	"RNGModifier_pal_valve_3": " Next to car ",
	"RNGModifier_pal_manhole_title": " Escape manhole ",
	"RNGModifier_pal_manhole_1": " At the boat ",
	"RNGModifier_pal_manhole_2": " Backyard ",
	
	
	"RNGModifier_kosugi_call_blackhawk_title" : "Blackhawk's Artifact",
	"RNGModifier_kosugi_loot_title": "Type of loot",
	"RNGModifier_kosugi_loot_1": "Money",
	"RNGModifier_kosugi_loot_2": "Cocaine",
	"RNGModifier_kosugi_loot_3": "Artifact",
	"RNGModifier_kosugi_loot_4": "Gold",
	"RNGModifier_kosugi_painting_A_title": "Painting A",
	"RNGModifier_kosugi_painting_desc": "Overkill and Below",
	"RNGModifier_kosugi_painting_B_title": "Painting B",
	"RNGModifier_kosugi_paintingDW_title": "Painting",
	"RNGModifier_kosugi_paintingDW_desc": "Deathwish and above",
	"RNGModifier_kosugi_money_A_title": "Money A",
	"RNGModifier_kosugi_money_B_title": "Money B",
	"RNGModifier_kosugi_cocaine_A_title": "Cocaine A",
	"RNGModifier_kosugi_cocaine_B_title": "Cocaine B",
	"RNGModifier_kosugi_weapon_A_title": "Weapon A",
	"RNGModifier_kosugi_weapon_desc": "Overkill and Below",
	"RNGModifier_kosugi_weapon_B_title": "Weapon B",
	"RNGModifier_kosugi_weaponDW_title": "Weapon",
	"RNGModifier_kosugi_weaponDW_desc": "Deathwish and above",
	"RNGModifier_kosugi_server_title": "Server",
	"RNGModifier_kosugi_gate_title": "Close Gate?",
	"RNGModifier_kosugi_spawn_title": "Spawn",
	"RNGModifier_kosugi_spawn_1": "Far",
	"RNGModifier_kosugi_spawn_2": "Close",
	
	"RNGModifier_man_roof_or_fall_title": " Fall ? ",
	"RNGModifier_man_roof_boxes_title": " Roof boxes ",
	"RNGModifier_man_roof_boxes_1": " At ventilation ",
	"RNGModifier_man_roof_boxes_2": " At limo roof entrance ",
	"RNGModifier_man_roof_boxes_3": " At otherside roof entrance ",
	"RNGModifier_man_roof_boxes_4": " Near escape ",
	"RNGModifier_man_buiding_boxes_title": " Building boxes ",
	"RNGModifier_man_buiding_boxes_1": " Floor 2 ",
	"RNGModifier_man_buiding_boxes_2": " Floor 2 near exit ",
	"RNGModifier_man_buiding_boxes_3": " Floor 2 exit stair ",
	"RNGModifier_man_buiding_boxes_4": " Floor 1 ",
	"RNGModifier_man_spawn_title": " Spawn ",
	"RNGModifier_man_spawn_1": "Low",
	"RNGModifier_man_spawn_2": "High",
	"RNGModifier_man_spawn_3": "Mid",
	
	"RNGModifier_mex_spawn_title": " Spawn ",
	"RNGModifier_mex_red_door_title": " Red door ",
	"RNGModifier_mex_code_title" : " Type of code ",
	"RNGModifier_mex_code_1": " Founded ",
	"RNGModifier_mex_code_2": " Arrest ",
	"RNGModifier_mex_code_3": " Factory reset ",
	"RNGModifier_mex_code_4": " Shitter ",
	"RNGModifier_mex_code1_title": " Code for Founded ",
	"RNGModifier_mex_code1_1": " 2008 ",
	"RNGModifier_mex_code1_2": " 2009 ",
	"RNGModifier_mex_code2_title": " Code for Arrest ",
	"RNGModifier_mex_code2_1": " 2017 ",
	"RNGModifier_mex_code2_2": " 2002 ",
	"RNGModifier_mex_code3_title": " Code for Factory reset ",
	"RNGModifier_mex_code3_1": " 0000 ",
	"RNGModifier_mex_code3_2": " 1111 ",
	"RNGModifier_mex_code3_3": " 1234 ",
	"RNGModifier_mex_code4_title": " Code for Shitter ",
	"RNGModifier_mex_code4_1": " 4828 ",
	"RNGModifier_mex_code4_2": " 5137 ",
	"RNGModifier_mex_code4_3": " 0455 ",
	"RNGModifier_mex_entrance_title": " Tunnel ",
	"RNGModifier_mex_exit_title": " Mexico Spawn ",
	"RNGModifier_mex_exit_1": " Far from hangars ",
	"RNGModifier_mex_exit_2": " Near small warehouse ",
	"RNGModifier_mex_exit_3": " Near big warehouse ",
	"RNGModifier_mex_cam_usa_title": " Camera room USA ",
	"RNGModifier_mex_cam_mexico_title" : " Camera Room Mexico ",
	"RNGModifier_mex_objective_title": " Type of Objective ",
	"RNGModifier_mex_objective_1": " Weapon ",
	"RNGModifier_mex_objective_2": " Money ",
	"RNGModifier_mex_objective_3": " Coke ",
	"RNGModifier_mex_tank_title": " Tank location ",
	"RNGModifier_mex_pump_title": " Pump location ",
	"RNGModifier_mex_plane_title": " Plane location ",
	"RNGModifier_mex_chance_diffusible_title": " Trap? ",
	
	"RNGModifier_nightclub_logic_chance_009_title" : "Cameras on VH+",
	"RNGModifier_nightclub_randomize_escape_title" : "Escape",
	"RNGModifier_nightclub_randomize_escape_1" : "Front Right",
	"RNGModifier_nightclub_randomize_escape_2" : "Front Left",
	"RNGModifier_nightclub_randomize_escape_3" : "Back",
	"RNGModifier_nightclub_logic_random_003_title" : "Boss's Location",
	"RNGModifier_nightclub_logic_random_003_1" : "1F WC",
	"RNGModifier_nightclub_logic_random_003_2" : "2F Mgmt. In",
	"RNGModifier_nightclub_logic_random_003_3" : "2F Mgmt. Out",
	"RNGModifier_nightclub_logic_random_003_4" : "2F Mgmt. Chair",
	"RNGModifier_nightclub_logic_random_003_5" : "2F Mgmt. Sofa",
	"RNGModifier_nightclub_logic_random_003_6" : "Back Parking",
	"RNGModifier_nightclub_logic_random_003_7" : "Back Parking",
	"RNGModifier_nightclub_logic_random_003_8" : "2F Out Bar",
	"RNGModifier_nightclub_logic_random_003_9" : "Entrance",
	"RNGModifier_nightclub_logic_random_003_10" : "Kitchen",
	"RNGModifier_nightclub_logic_random_003_11" : "Kitchen",
	
	"RNGModifier_tag_chance_basement_escape_title" : "Escape Plan",
	"RNGModifier_tag_chance_basement_escape_2" : "Zip-line",
	"RNGModifier_tag_chance_keycard_title": "Keycard",
	"RNGModifier_tag_chance_keycard_1": "NO",
	"RNGModifier_tag_randomize_office_title" : "Office",
	"RNGModifier_tag_randomize_office_1" : "Right",
	"RNGModifier_tag_randomize_office_2" : "Left",
	"RNGModifier_tag_pad_code_title": "Pad code",
	"RNGModifier_tag_pad_code_1" : "1212",
	"RNGModifier_tag_pad_code_2" : "1234",
	"RNGModifier_tag_pad_code_3" : "2015",
	"RNGModifier_tag_pad_code_4" : "1776",
	"RNGModifier_tag_lure_title" : "Lure",
	"RNGModifier_tag_lure_1" : "Best Lure",
	"RNGModifier_tag_whiteboard_title" : " White Board Location ",
	"RNGModifier_tag_whiteboard_1": "Kitchen",
	"RNGModifier_tag_whiteboard_2": "Operation 1",
	"RNGModifier_tag_whiteboard_3": "Storage",
	"RNGModifier_tag_whiteboard_4": "HR",
	"RNGModifier_tag_whiteboard_5": "Operation 2 (close right)",
	"RNGModifier_tag_spawn_title" : " Spawn ",
	"RNGModifier_tag_boxes_A_title": " Right office boxes 1 ",
	"RNGModifier_tag_boxes_B_title": " Right office boxes 2 ",
	"RNGModifier_tag_boxes_C_title": " Right office boxes 3 ",
	"RNGModifier_tag_boxes1_A_title": " Left office boxes 1 ",
	"RNGModifier_tag_boxes1_B_title": " Left office boxes 2 ",
	"RNGModifier_tag_boxes1_C_title": " Left office boxes 3 ",
	"RNGModifier_tag_tag_board_title": "Laptop",
	"RNGModifier_tag_tag_board_1": " Storage Laptop ", 
	"RNGModifier_tag_tag_office_title": " Safe ",
	
	"RNGModifier_sah_pick_rand_escape_title" : "Escape",
	"RNGModifier_sah_pick_rand_escape_1" : "1",
	"RNGModifier_sah_pick_rand_escape_2" : "2",
	"RNGModifier_sah_pick_rand_escape_3" : "3",
	"RNGModifier_sah_spawn_rand_walker_title" : "Rand walker",
	"RNGModifier_sah_randomize_hackbox_pairs_title" : "Hackbox pairs",
	"RNGModifier_sah_randomize_hackbox_pairs_1" : "Left pair",
	"RNGModifier_sah_randomize_hackbox_pairs_2" : "Right pair",
	"RNGModifier_sah_randomize_hackbox_pairs_3" : "Back pair",
	"RNGModifier_sah_randomize_hackbox_pairs_4" : "Center pair",
	"RNGModifier_sah_randomize_vault_title" : "Vault",
	"RNGModifier_sah_randomize_breaker_title" : "Breaker",
	"RNGModifier_sah_randomize_ziplines_title" : "Ziplines",
	"RNGModifier_sah_randomize_security_rooms_title" : "Security room",
	"RNGModifier_sah_randomize_security_rooms_1" : "West",
	"RNGModifier_sah_randomize_security_rooms_2" : "East",
	"RNGModifier_sah_randomzize_electrical_boxes_title" : "Electrical boxes",
	"RNGModifier_sah_randomzize_electrical_boxes_1" : "Left",
	"RNGModifier_sah_randomzize_electrical_boxes_2" : "Right",
	
	"RNGModifier_vit_usb_title" : "USB",
	"RNGModifier_vit_usb_desc" : " Code depend on USB ",
	"RNGModifier_vit_usb_001" : " corridor flowers desk ",
	"RNGModifier_vit_usb_002" : " roosevelt fire place",
	"RNGModifier_vit_usb_003" : " Cabinet fire place ",
	"RNGModifier_vit_usb_004" : " roosevelt small desk ",
	"RNGModifier_vit_usb_005" : " corridor desk ",
	"RNGModifier_vit_usb_006" : " corridor flowers desk",
	"RNGModifier_vit_laptop_room_title" : "Laptop Room",
	"RNGModifier_vit_laptop_room_1" : " Roosevelt room ",
	"RNGModifier_vit_laptop_location1_desc" : " Code : 1523 - 1234 ",
	"RNGModifier_vit_laptop_room_2" : " Press room ",
	"RNGModifier_vit_laptop_location1_title" : " Roosevelt room ",
	"RNGModifier_vit_vault_location_title" : " Vault location ",
	"RNGModifier_vit_laptop_location2_title" : " Press room ",
	"RNGModifier_vit_first_number_title" : " First number ",
	"RNGModifier_vit_second_number_title" : " second number ",
	"RNGModifier_vit_third_number_title" : " third number ",
	"RNGModifier_vit_fourth_number_title" : " fourth number ",
	"RNGModifier_vit_safecode_A_title" : " Enable First number ",
	"RNGModifier_vit_safecode_B_title" : " Enable Second number ",
	"RNGModifier_vit_safecode_C_title" : " Enable Third number ",
	"RNGModifier_vit_safecode_D_title" : " Enable Fourth number ",
	"RNGModifier_vit_vit_bookshelf_title": "Something",

	"RNGModifier_hox_3_panic_hector_title" : " Where's Hector ",
	"RNGModifier_hox_3_panic_hector_1": " 2nd Main floor ",
	"RNGModifier_hox_3_panic_hector_2": " 2nd Main floor middle ",
	"RNGModifier_hox_3_panic_hector_3": " Basement ",
	"RNGModifier_hox_3_panic_hector_4": " Next to river ",
	"RNGModifier_hox_3_panic_hector_5": " 2nd River floor middle ",
	"RNGModifier_hox_3_panic_hector_6":	" 2nd River floor ",
	"RNGModifier_hox_3_alarm_box_title" : " Alarm box ",
	"RNGModifier_hox_3_code_title" : " Vault type  ",
	"RNGModifier_hox_3_code_1" : " No code ",
	"RNGModifier_hox_3_fake_boss_title": " Fake boss ",
	"RNGModifier_hox_3_fake_boss_1": " OFF ",
	"RNGModifier_hox_3_boss_title": " Boss location ",
	"RNGModifier_hox_3_keycard_A_title": " Keycard 1 ",
	"RNGModifier_hox_3_keycard_B_title": " Keycard 2 ",
	"RNGModifier_hox_3_keycard_C_title": " Keycard 3 ",
	
	
	"RNGModifier_mia_1_spawn_title": " Spawn ",
	"RNGModifier_mia_1_hatch_title": " Hatch location ",
	"RNGModifier_mia_1_gascan_A_title": " Gascan A ",
	"RNGModifier_mia_1_gascan_B_title": " Gascan B ",
	"RNGModifier_mia_1_gascan_C_title": " Gascan C ",
	"RNGModifier_mia_1_gascan_D_title": " Gascan D ",
	"RNGModifier_mia_1_gascan_E_title": " Gascan E ",
	"RNGModifier_mia_1_gascan_F_title": " Gascan F ",
	"RNGModifier_mia_1_gascan_G_title": " Gascan G ",
	"RNGModifier_mia_1_gascan_H_title": " Gascan H ",
	"RNGModifier_mia_1_barcode_title": " Barcode ",
	"RNGModifier_mia_1_barcode_1": " Downtown ",
	"RNGModifier_mia_1_barcode_2": " Geoge Town ",
	"RNGModifier_mia_1_barcode_3": " West end ",
	"RNGModifier_mia_1_barcode_4": " Foggy ",
	"RNGModifier_mia_1_barcode_5": " Shaw ",
	
	"RNGModifier_fish_color_title": "Color",
	"RNGModifier_fish_color_1": "Blue" ,
	"RNGModifier_fish_color_2": "Green",
	"RNGModifier_fish_color_3": "Red",
	"RNGModifier_fish_color_4": "White",
	"RNGModifier_fish_color_5": "Yellow",
	"RNGModifier_fish_laptop_title": "Laptop",
	"RNGModifier_fish_laptop_1": "Top floor",
	"RNGModifier_fish_laptop_2": "Basement next to stair",
	"RNGModifier_fish_laptop_3": "Basement next to ladder",
	"RNGModifier_fish_laptop_4": "Small storage basement",
	"RNGModifier_fish_laptop_5": "2nd Floor second segment L",
	"RNGModifier_fish_laptop_6": "2nd Floor first segment R",
	"RNGModifier_fish_laptop_7": "2nd Floor second segment R",
	"RNGModifier_fish_book_title": "Bookshelf",
	"RNGModifier_fish_cigar_title": "Cigar",
	"RNGModifier_fish_cigar_1": "MR",
	"RNGModifier_fish_cigar_2": "R",
	"RNGModifier_fish_cigar_3": "L",
	"RNGModifier_fish_cigar_4": "ML",
	"RNGModifier_fish_room_title": "Rooms",
	"RNGModifier_fish_room_1": "102",
	"RNGModifier_fish_room_2": "104",
	"RNGModifier_fish_room_3": "101",
	"RNGModifier_fish_room_4": "103",
	"RNGModifier_fish_end_title": "Valve setup",
	"RNGModifier_fish_fridge_title": "Fridge",	
	"RNGModifier_fish_fridge_1": "Right",
	"RNGModifier_fish_fridge_2": "Middle",
	"RNGModifier_fish_fridge_3": "Close right",
	"RNGModifier_fish_fridge_4": "Close left",
	"RNGModifier_fish_kitchen_cupboard_title": "something",
	
	
	"RNGModifier_mia_2_c4_title": " C4 location ",
	"RNGModifier_mia_2_c4_1": " Right ",
	"RNGModifier_mia_2_c4_2": " Left ",
	"RNGModifier_mia_2_c4_3": " Front ",
	"RNGModifier_mia_2_vault_title": " Vault door ",
	"RNGModifier_mia_2_vault_1": " Middle back ",
	"RNGModifier_mia_2_vault_2": " Right ",
	"RNGModifier_mia_2_vault_3": " Left ",
	"RNGModifier_mia_2_escape_title": " Escape zone ",
	"RNGModifier_mia_2_escape_1": " Left ",
	"RNGModifier_mia_2_escape_2": " Right ",
	
	"RNGModifier_peta_truck_title": " Truck ",
	"RNGModifier_peta_spawn_title": " Spawn ",
	
	"RNGModifier_peta2_drop_title": " Plane drop ",
	"RNGModifier_peta2_cage_title": " Assemble cage location ",
}